Simonas;simonas.aruna[at]gmail.com;+370 636 44328
James;jbutt@gmail.com;504-621-8927
Josephine;josephine_darakjy@darakjy.org;810-292-9388
Art;art@venere.org;856-636-8749
Lenna;lpaprocki@hotmail.com;907-385-4412
Donette;donette.foller@cox.net;513-570-1893
Simona;simona@morasca.com;419-503-2484
Mitsue;mitsue_tollner@yahoo.com;773-573-6914
Leota;leota@hotmail.com;408-752-3500
Sage;sage_wieser@cox.net;605-414-2147
Kris;kris@gmail.com;410-655-8723
Minna;minna_amigon@yahoo.com;215-874-1229
Abel;amaclead@gmail.com;631-335-3414
Kiley;kiley.caldarera@aol.com;310-498-5651
Graciela;gruta@cox.net;440-780-8425
Cammy;calbares@gmail.com;956-537-6195
Mattie;mattie@aol.com;602-277-4385
Meaghan;meaghan@hotmail.com;931-313-9635
Gladys;gladys.rim@rim.org;414-661-9598
Yuki;yuki_whobrey@aol.com;313-288-7937
Fletcher;fletcher.flosi@yahoo.com;815-828-2147
Bette;bette_nicka@cox.net;610-545-3615
Veronika;vinouye@aol.com;408-540-1785
Willard;willard@hotmail.com;972-303-9197
Maryann;mroyster@royster.com;518-966-7987
Alisha;alisha@slusarski.com;732-658-3154
Allene;allene_iturbide@cox.net;715-662-6764
Chanel;chanel.caudy@caudy.org;913-388-2079
Ezekiel;ezekiel@chui.com;410-669-1642
Willow;wkusko@yahoo.com;212-582-4976
Bernardo;bfigeroa@aol.com;936-336-3951
Ammie;ammie@corrio.com;614-801-9788
Francine;francine_vocelka@vocelka.com;505-977-3911
Ernie;ernie_stenseth@aol.com;201-709-6245
Albina;albina@glick.com;732-924-7882
Alishia;asergi@gmail.com;212-860-1579
Solange;solange@shinko.com;504-979-9175
Jose;jose@yahoo.com;212-675-8570
Rozella;rozella.ostrosky@ostrosky.com;805-832-6163
Valentine;valentine_gillian@gmail.com;210-812-9597
Kati;kati.rulapaugh@hotmail.com;785-463-7829
Youlanda;youlanda@aol.com;541-548-8197
Dyan;doldroyd@aol.com;913-413-4604
Roxane;roxane@hotmail.com;907-231-4722
Lavera;lperin@perin.org;305-606-7291
Erick;erick.ferencz@aol.com;907-741-1044
Fatima;fsaylors@saylors.org;952-768-2416
Jina;jina_briddick@briddick.com;617-399-5124
Kanisha;kanisha_waycott@yahoo.com;323-453-2780
Emerson;emerson.bowley@bowley.org;608-336-7444
Blair;bmalet@yahoo.com;215-907-9111
